{"cameraMode":{"drawMode":0,"name":"Shaded","section":"Shading Mode"},"sceneLighting":true,"audioPlay":false,"sceneViewState":{"showFog":true,"showMaterialUpdate":false,"showSkybox":true,"showFlares":true,"showImageEffects":true,"showParticleSystems":true},"in2DMode":false,"pivot":{"x":78.88421630859375,"y":31.942718505859376,"z":235.40853881835938},"rotation":{"x":0.1495155692100525,"y":0.19150319695472718,"z":-0.029531773179769517,"w":0.9695894122123718},"size":182.77633666992188,"orthographic":false}