{"cameraMode":{"drawMode":0,"name":"Shaded","section":"Shading Mode"},"sceneLighting":false,"audioPlay":false,"sceneViewState":{"showFog":true,"showMaterialUpdate":false,"showSkybox":false,"showFlares":true,"showImageEffects":true,"showParticleSystems":true},"in2DMode":false,"pivot":{"x":9.679110527038575,"y":-0.17934465408325196,"z":-16.586448669433595},"rotation":{"x":-0.17222261428833009,"y":0.8250327706336975,"z":-0.41578254103660586,"w":-0.3417399525642395},"size":3.157883644104004,"orthographic":false}