{"cameraMode":{"drawMode":0,"name":"Shaded","section":"Shading Mode"},"sceneLighting":false,"audioPlay":false,"sceneViewState":{"showFog":true,"showMaterialUpdate":false,"showSkybox":false,"showFlares":true,"showImageEffects":true,"showParticleSystems":true},"in2DMode":false,"pivot":{"x":-0.5,"y":0.8137964606285095,"z":1.340000033378601},"rotation":{"x":-0.3803844749927521,"y":-0.02025412581861019,"z":0.008332844823598862,"w":-0.9245715737342835},"size":6.618775367736816,"orthographic":true}