{"cameraMode":{"drawMode":0,"name":"Shaded","section":"Shading Mode"},"sceneLighting":false,"audioPlay":false,"sceneViewState":{"showFog":true,"showMaterialUpdate":false,"showSkybox":false,"showFlares":true,"showImageEffects":true,"showParticleSystems":true},"in2DMode":false,"pivot":{"x":13.800000190734864,"y":2.9075000286102297,"z":219.1999969482422},"rotation":{"x":0.344121515750885,"y":-0.18994131684303285,"z":0.07129919528961182,"w":0.9167448282241821},"size":34.60558319091797,"orthographic":false}