{"cameraMode":{"drawMode":0,"name":"Shaded","section":"Shading Mode"},"sceneLighting":false,"audioPlay":false,"sceneViewState":{"showFog":true,"showMaterialUpdate":false,"showSkybox":false,"showFlares":true,"showImageEffects":true,"showParticleSystems":true},"in2DMode":false,"pivot":{"x":8.566195487976075,"y":10.80606460571289,"z":194.38369750976563},"rotation":{"x":0.24191005527973176,"y":-0.4480244517326355,"z":0.1273280531167984,"w":0.8512002825737},"size":11.67972469329834,"orthographic":false}