{"cameraMode":{"drawMode":0,"name":"Shaded","section":"Shading Mode"},"sceneLighting":false,"audioPlay":false,"sceneViewState":{"showFog":true,"showMaterialUpdate":false,"showSkybox":false,"showFlares":true,"showImageEffects":true,"showParticleSystems":true},"in2DMode":false,"pivot":{"x":138.20388793945313,"y":8.211980819702149,"z":190.14027404785157},"rotation":{"x":0.06255508959293366,"y":-0.24040710926055909,"z":0.01552778109908104,"w":0.9685317277908325},"size":16.698196411132814,"orthographic":false}