{"cameraMode":{"drawMode":0,"name":"Shaded","section":"Shading Mode"},"sceneLighting":true,"audioPlay":false,"sceneViewState":{"showFog":true,"showMaterialUpdate":false,"showSkybox":true,"showFlares":true,"showImageEffects":true,"showParticleSystems":true},"in2DMode":false,"pivot":{"x":-3.583279609680176,"y":-0.4388465881347656,"z":5.436038970947266},"rotation":{"x":-0.17222261428833009,"y":0.8250327706336975,"z":-0.41578254103660586,"w":-0.3417399525642395},"size":30.921091079711915,"orthographic":false}