{"cameraMode":{"drawMode":0,"name":"Shaded","section":"Shading Mode"},"sceneLighting":true,"audioPlay":false,"sceneViewState":{"showFog":true,"showMaterialUpdate":false,"showSkybox":true,"showFlares":true,"showImageEffects":true,"showParticleSystems":true},"in2DMode":false,"pivot":{"x":-3.9695849418640138,"y":4.147731781005859,"z":-5.170306205749512},"rotation":{"x":-0.025258231908082963,"y":0.927651047706604,"z":-0.3670882284641266,"w":-0.06382931768894196},"size":15.888750076293946,"orthographic":false}